time_key,open,high,low,close,volume,turnover,turnover_rate,change_rate
2023-11-01 00:00:00,874.0396,878.3267,868.4489,869.9184,355063435.0,16998547284.0,0.0,-0.5131714618479147
2023-11-02 00:00:00,871.5508,875.2649,859.8892,859.9318,307492343.0,14483585394.0,0.0,-1.1479927312722742
2023-11-03 00:00:00,861.5448,877.0862,861.5448,875.3725,362971628.0,17470645854.0,0.0,1.7955726256431024
2023-11-06 00:00:00,880.603,891.5645,880.603,890.2065,502630438.0,23074674549.0,0.0,1.694592873319651
2023-11-07 00:00:00,887.2043,892.9885,883.7522,891.456,410405904.0,19810971180.0,0.0,0.14036069159234535
2023-11-08 00:00:00,890.8733,905.9381,889.8892,899.6255,546978324.0,25221656697.0,0.0,0.9164221229090355
2023-11-09 00:00:00,897.9307,904.5864,891.4902,893.7984,522680978.0,19894878110.0,0.0,-0.6477250811587681
2023-11-10 00:00:00,888.9868,894.6326,885.2974,889.7498,360725944.0,17328218249.0,0.0,-0.45296567995646053
2023-11-13 00:00:00,893.5003,897.11,888.5499,896.5513,323684982.0,15147375460.0,0.0,0.764428382001313
2023-11-14 00:00:00,895.8138,904.7117,893.2805,904.3413,411850032.0,18674193370.0,0.0,0.8688850264340788
2023-11-15 00:00:00,912.6266,913.1959,900.6181,902.1802,404540539.0,19832819931.0,0.0,-0.23896951294826774
2023-11-16 00:00:00,898.7438,900.1495,886.7666,887.1105,310948267.0,14237696603.0,0.0,-1.6703647453136314
2023-11-17 00:00:00,886.673,891.9482,884.5137,891.3803,241032768.0,12096426145.0,0.0,0.48131546182803964
2023-11-20 00:00:00,890.8977,896.0735,883.0271,892.631,339377606.0,17398856981.0,0.0,0.14031048251794861
2023-11-21 00:00:00,892.9197,896.9596,884.5996,884.8949,305616940.0,14870980503.0,0.0,-0.8666627083307621
2023-11-22 00:00:00,881.9566,884.7083,870.7602,870.7602,266414351.0,12891922222.0,0.0,-1.597330937267234
2023-11-23 00:00:00,869.8532,878.451,866.6299,877.7703,270553977.0,11835391982.0,0.0,0.8050551690350529
2023-11-24 00:00:00,875.5802,876.2576,863.8495,864.7739,254649325.0,13289889725.0,0.0,-1.4806151449872471
2023-11-27 00:00:00,864.2671,869.8663,861.384,868.0296,384963673.0,17982450612.0,0.0,0.3764799099510211
2023-11-28 00:00:00,868.8115,873.656,863.8138,871.9061,361416131.0,16961780290.0,0.0,0.4465861532832611
2023-11-29 00:00:00,870.4,872.8965,862.0363,862.0363,364485254.0,18051679683.0,0.0,-1.1319796936849111
2023-11-30 00:00:00,861.51,865.6845,857.6322,865.6845,446915632.0,19058661058.0,0.0,0.4232072361685899
2023-12-01 00:00:00,863.3343,869.8201,856.4403,867.5364,364111615.0,17646939036.0,0.0,0.21392320181313176
2023-12-04 00:00:00,867.834,873.5092,861.9198,861.9198,332188482.0,18594119148.0,0.0,-0.647419520379773
2023-12-05 00:00:00,859.4851,859.4851,845.6048,845.7994,335116371.0,17312239815.0,0.0,-1.8702900200227464
2023-12-06 00:00:00,843.8152,852.3061,842.5904,848.7905,392712097.0,19567493491.0,0.0,0.3536417736877043
2023-12-07 00:00:00,847.102,850.0813,839.0318,847.4761,457866952.0,24572076281.0,0.0,-0.15485564459074153
2023-12-08 00:00:00,849.1607,868.2335,847.9267,868.2335,765772528.0,41672459426.0,0.0,2.4493198097267967
2023-12-11 00:00:00,859.9741,880.0279,854.805,878.5159,473102803.0,24305344867.0,0.0,1.1842897100837433
2023-12-12 00:00:00,876.6896,877.8266,866.8407,869.9667,334807187.0,18748657871.0,0.0,-0.9731411804840461
2023-12-13 00:00:00,868.8664,875.1919,861.0318,861.2509,328983164.0,17780918664.0,0.0,-1.0018544387963293
2023-12-14 00:00:00,865.0919,869.2943,855.4293,855.8981,263643073.0,14886357403.0,0.0,-0.6215145899992676
2023-12-15 00:00:00,857.0101,859.2501,846.823,847.507,275203635.0,13918546381.0,0.0,-0.9803853986823959
2023-12-18 00:00:00,845.5383,847.5862,838.3173,840.6807,257439894.0,12504639678.0,0.0,-0.8054564741058123
2023-12-19 00:00:00,839.6436,850.4069,838.2057,845.8585,249453026.0,12320497730.0,0.0,0.6159056583551933
2023-12-20 00:00:00,847.2721,847.5884,835.3058,835.7127,230243719.0,11103884996.0,0.0,-1.1994677596784815
2023-12-21 00:00:00,832.3701,850.993,831.9265,847.8169,316790510.0,14974715517.0,0.0,1.4483685601523097
2023-12-22 00:00:00,846.6663,851.479,839.7871,843.3183,329647859.0,15548802781.0,0.0,-0.5306098521980407
2023-12-25 00:00:00,840.3789,845.5627,834.4294,837.2221,275584635.0,14511497826.0,0.0,-0.7228824513828369
2023-12-26 00:00:00,836.5314,836.6613,822.4352,825.2578,230413104.0,12455621076.0,0.0,-1.4290473220905158
2023-12-27 00:00:00,826.8309,833.8106,826.165,830.0574,265536951.0,13253805988.0,0.0,0.5815879595442848
2023-12-28 00:00:00,828.4013,853.4909,828.3423,850.3851,455135170.0,19313411051.0,0.0,2.448951120729715
2023-12-29 00:00:00,849.611,854.8785,848.3257,852.0047,336622123.0,16961089682.0,0.0,0.1904548892025497
2024-01-02 00:00:00,850.9687,850.9687,839.8012,839.8012,275595747.0,14571161979.0,0.0,-1.43232777941248
2024-01-03 00:00:00,838.3022,842.1976,827.1787,829.7721,257018226.0,14690107751.0,0.0,-1.1942231089929345
2024-01-04 00:00:00,831.2304,831.5542,817.7469,823.8475,262662520.0,13900697328.0,0.0,-0.7140032787316005
2024-01-05 00:00:00,820.3966,825.9385,803.4009,807.7294,276040375.0,13807802718.0,0.0,-1.9564421813503
2024-01-08 00:00:00,802.895,804.5987,783.7367,784.4332,295239608.0,13849754854.0,0.0,-2.8841589770039318
2024-01-09 00:00:00,786.4801,793.5978,777.5601,782.9263,297549041.0,14418401343.0,0.0,-0.19210048733277568
2024-01-10 00:00:00,779.08,790.3581,771.5837,777.1526,281445810.0,13144697406.0,0.0,-0.7374512773424475
2024-01-11 00:00:00,775.3721,793.1363,775.1849,789.864,283362427.0,14046405114.0,0.0,1.6356375826317797
2024-01-12 00:00:00,788.0254,790.3773,778.1067,778.3583,299829400.0,13190170568.0,0.0,-1.4566684897653326
2024-01-15 00:00:00,774.9573,784.1906,770.9793,773.4051,260440086.0,13919092085.0,0.0,-0.6363650262353517
2024-01-16 00:00:00,771.8404,777.53,765.4271,777.4032,306515034.0,13611355887.0,0.0,0.5169477160158399
2024-01-17 00:00:00,775.8641,776.226,757.0449,757.0449,249674807.0,11910642697.0,0.0,-2.618756907612419
2024-01-18 00:00:00,752.2862,769.1193,741.3381,768.2821,410735921.0,17166529385.0,0.0,1.4843505319169352
2024-01-19 00:00:00,767.2392,773.1497,762.2642,765.4702,316208954.0,13974911193.0,0.0,-0.3659983748157138
2024-01-22 00:00:00,763.6012,764.6242,735.4063,742.2271,358637823.0,15806752480.0,0.0,-3.0364474018714285
2024-01-23 00:00:00,738.3826,754.649,733.4793,749.7431,359488249.0,15525748467.0,0.0,1.0126280756927464
2024-01-24 00:00:00,753.0097,754.2197,728.3654,750.2748,359405675.0,15592026456.0,0.0,0.07091762498381121
2024-01-25 00:00:00,749.1329,768.0234,742.932,765.7908,450804912.0,16373720945.0,0.0,2.068042269312519
2024-01-26 00:00:00,759.9374,762.1842,742.9311,746.0958,347279173.0,14102290413.0,0.0,-2.571851215762835
2024-01-29 00:00:00,748.2643,754.5865,725.3074,725.3074,450582709.0,15774233928.0,0.0,-2.786290983007815
2024-01-30 00:00:00,720.1933,722.631,696.5635,697.8454,343237741.0,13591885932.0,0.0,-3.786256696126358
2024-01-31 00:00:00,693.8467,699.6704,681.3837,684.8518,401058280.0,14681929782.0,0.0,-1.8619596833338752
2024-02-01 00:00:00,680.7177,704.6597,678.9651,690.0051,353458757.0,14663694986.0,0.0,0.7524693663650945
2024-02-02 00:00:00,693.0199,694.7458,653.6205,673.4071,421634629.0,15875027451.0,0.0,-2.4054894666720514
2024-02-05 00:00:00,675.3958,687.6212,635.7395,676.7932,545344075.0,18961926412.0,0.0,0.5028310512318539
2024-02-06 00:00:00,675.4531,721.377,665.6321,720.7998,519876110.0,19951000886.0,0.0,6.502222540060989
2024-02-07 00:00:00,723.3117,744.3401,717.6979,743.4228,616634535.0,23721639256.0,0.0,3.138596875304356
2024-02-08 00:00:00,749.639,767.8557,745.2397,751.5036,554963682.0,22122951745.0,0.0,1.0869723123907356
2024-02-19 00:00:00,762.6438,763.3583,748.287,763.3156,492867690.0,21297033958.0,0.0,1.571782224329998
2024-02-20 00:00:00,756.0838,758.0583,748.6,754.7015,334294127.0,14636810850.0,0.0,-1.1285109330924203
2024-02-21 00:00:00,747.2499,769.1493,744.264,755.1552,404566780.0,16439695308.0,0.0,0.060116483139363866
2024-02-22 00:00:00,757.2618,768.6579,755.9041,762.3821,356074332.0,15488391019.0,0.0,0.957008572542439
2024-02-23 00:00:00,768.5093,769.8131,754.3471,764.4821,370273008.0,16236345192.0,0.0,0.27545242733268643
2024-02-26 00:00:00,764.0326,776.9841,761.2193,768.4884,459637345.0,17970123035.0,0.0,0.5240541276244415
2024-02-27 00:00:00,763.6649,797.149,761.264,796.9073,480664264.0,23372668770.0,0.0,3.69802589082672
2024-02-28 00:00:00,797.8251,811.6468,771.5922,771.5922,602971687.0,26976090067.0,0.0,-3.176668101798028
2024-02-29 00:00:00,769.5571,807.707,769.5571,807.707,592730507.0,27492233379.0,0.0,4.680555350352161
2024-03-01 00:00:00,809.4005,818.1107,803.525,815.4866,525423115.0,24666487347.0,0.0,0.963171050888498
2024-03-04 00:00:00,819.9574,822.6528,807.3873,818.5129,476915423.0,22378910038.0,0.0,0.3711035840441758
2024-03-05 00:00:00,812.6212,824.1248,810.3196,817.7721,471673908.0,24260442050.0,0.0,-0.09050559862891862
2024-03-06 00:00:00,816.1445,822.7868,803.9915,811.8984,444813163.0,20023841976.0,0.0,-0.7182563455026144
2024-03-07 00:00:00,814.1679,817.7769,793.5926,794.2384,500957504.0,20473367531.0,0.0,-2.175149008792243
2024-03-08 00:00:00,795.3215,805.5717,791.7342,803.2,481370502.0,19347617174.0,0.0,1.1283262053308036
2024-03-11 00:00:00,800.8992,818.7067,797.2616,818.4386,507397588.0,21961237544.0,0.0,1.8972360557768808
2024-03-12 00:00:00,818.5162,827.628,813.0451,817.7503,478020550.0,21502159872.0,0.0,-0.0840991615009254
2024-03-13 00:00:00,821.3228,824.8148,813.0911,814.9319,404983911.0,18178320657.0,0.0,-0.34465288487206874
2024-03-14 00:00:00,811.5135,815.547,797.7755,804.8554,373920910.0,16858277853.0,0.0,-1.2364836865509878
2024-03-15 00:00:00,802.9111,809.3953,794.7507,808.6736,367216774.0,16072581234.0,0.0,0.4743957734519683
2024-03-18 00:00:00,810.3869,825.8985,809.8341,825.3998,427764869.0,21761546939.0,0.0,2.0683499498438014
2024-03-19 00:00:00,822.1818,823.9016,811.7743,811.7743,373021611.0,18794584757.0,0.0,-1.6507757816272777
2024-03-20 00:00:00,810.6893,815.7337,806.5752,814.027,317828599.0,16087123608.0,0.0,0.27750324197255377
2024-03-21 00:00:00,820.1431,824.1756,805.5456,806.1376,378251587.0,20437095039.0,0.0,-0.9691816119121384
2024-03-22 00:00:00,804.0229,808.7094,793.1039,794.2011,393878064.0,19170803662.0,0.0,-1.4807025500361257
2024-03-25 00:00:00,792.8457,797.6576,781.6239,781.6464,350784710.0,17995626050.0,0.0,-1.5807960981167144
2024-03-26 00:00:00,781.7265,787.6022,768.6785,772.0888,332015981.0,16281216088.0,0.0,-1.222752385221755
2024-03-27 00:00:00,771.5448,772.471,752.723,752.8206,338564839.0,13856722047.0,0.0,-2.4955937710791787
2024-03-28 00:00:00,753.8954,771.4793,753.2329,763.2749,334929522.0,15738056171.0,0.0,1.388684103490259
2024-03-29 00:00:00,761.6508,763.5643,751.244,762.7416,277378701.0,12361482116.0,0.0,-0.06986997738299187
2024-04-01 00:00:00,765.6326,776.7436,765.6326,775.5259,336025180.0,15649782225.0,0.0,1.6760984322869015
2024-04-02 00:00:00,774.7265,774.7265,764.3214,768.7872,294104333.0,13511741554.0,0.0,-0.8689200450945603
2024-04-03 00:00:00,768.2135,769.2297,755.2103,756.7635,325992467.0,15606440715.0,0.0,-1.5639828550735448
2024-04-08 00:00:00,753.8344,757.1336,740.6653,740.6653,338441180.0,13132669791.0,0.0,-2.127243187600884
2024-04-09 00:00:00,739.3922,749.86,736.8878,749.626,284971886.0,11538470867.0,0.0,1.2098177138850672
2024-04-10 00:00:00,749.2249,749.5817,732.466,735.7336,271684842.0,11700786305.0,0.0,-1.8532441510833337
2024-04-11 00:00:00,735.6701,746.9106,735.6701,738.6744,348804118.0,15403035179.0,0.0,0.39970989499459686
2024-04-12 00:00:00,742.9291,747.4962,738.3272,738.4294,377182435.0,15392046938.0,0.0,-0.03316752279488832
2024-04-15 00:00:00,739.1981,755.1814,738.5364,750.8984,412498049.0,16701665277.0,0.0,1.6885839052453833
2024-04-16 00:00:00,746.8812,749.1177,732.8905,733.1469,343406335.0,14456595088.0,0.0,-2.364034868099343
2024-04-17 00:00:00,737.6574,751.1987,735.2116,750.8884,363333117.0,15828900485.0,0.0,2.419910661833268
2024-04-18 00:00:00,747.132,757.7477,741.1968,745.6945,338215519.0,14783619662.0,0.0,-0.6917006575144986
2024-04-19 00:00:00,741.2853,741.9228,729.5666,730.5623,338340711.0,13993665735.0,0.0,-2.0292760641254426
2024-04-22 00:00:00,723.4082,735.9679,719.122,731.811,316577882.0,12839252289.0,0.0,0.17092313687689403
2024-04-23 00:00:00,732.8677,736.3613,724.9005,727.8533,281268745.0,11107834449.0,0.0,-0.5408090340265512
2024-04-24 00:00:00,731.7109,739.0126,728.3789,738.6349,305997194.0,13700074174.0,0.0,1.4812875066994993
2024-04-25 00:00:00,735.5631,740.4731,730.6082,733.344,293131054.0,12764661399.0,0.0,-0.7163078809300731
2024-04-26 00:00:00,733.0156,753.1478,733.0156,752.2497,473126801.0,19936721235.0,0.0,2.578012501636328
2024-04-29 00:00:00,752.9244,780.1969,752.6192,776.1538,615028995.0,24656159542.0,0.0,3.1776815597267882
2024-04-30 00:00:00,773.8434,775.9247,765.5962,767.4642,439612911.0,17490884863.0,0.0,-1.1195719198952632
2024-05-06 00:00:00,778.9884,785.0726,774.0378,777.6628,448559684.0,19207800321.0,0.0,1.3288698026565853
2024-05-07 00:00:00,776.8241,779.5932,768.3999,769.7918,356765880.0,16444422506.0,0.0,-1.0121353368066444
2024-05-08 00:00:00,769.6877,769.696,760.5681,761.6581,310783341.0,13838570429.0,0.0,-1.0566103717914346
2024-05-09 00:00:00,762.4007,779.4813,762.4007,778.8728,473420000.0,19938137897.0,0.0,2.260161088026241
2024-05-10 00:00:00,778.1523,778.5605,764.439,767.1724,363484971.0,16469672031.0,0.0,-1.5022221857022027
2024-05-13 00:00:00,760.0977,769.2053,757.9635,763.6902,350313005.0,15663625613.0,0.0,-0.4539005834933627
2024-05-14 00:00:00,766.6452,769.4159,759.4327,760.3046,265576651.0,13524046123.0,0.0,-0.4433211268129346
2024-05-15 00:00:00,758.7998,760.0837,749.2219,749.4741,263428038.0,11781229145.0,0.0,-1.424494866925707
2024-05-16 00:00:00,753.4523,755.1738,745.0172,746.4714,288570133.0,14217763225.0,0.0,-0.4006409294197097
2024-05-17 00:00:00,743.7945,754.5608,741.8559,754.4177,368112976.0,13833032881.0,0.0,1.0645149968237164
2024-05-20 00:00:00,752.2018,761.1733,749.807,753.5417,399579788.0,17808946111.0,0.0,-0.11611604552756072
2024-05-21 00:00:00,752.2879,755.4613,747.3057,748.2354,266632843.0,13163823459.0,0.0,-0.7041813346228835
2024-05-22 00:00:00,749.9091,756.6957,743.6822,754.9728,529042026.0,15524687151.0,0.0,0.9004385518247304
2024-05-23 00:00:00,754.4028,755.4,741.4118,742.3956,385086687.0,13874062073.0,0.0,-1.665914321681531
2024-05-24 00:00:00,741.6769,746.3954,726.8663,727.2069,382592764.0,14185244287.0,0.0,-2.045903828093799
2024-05-27 00:00:00,726.3661,739.4492,719.5413,738.6533,406238273.0,18513690301.0,0.0,1.5740224687086888
2024-05-28 00:00:00,736.6999,746.295,734.5837,734.8485,360148314.0,15268260176.0,0.0,-0.5150995737783883
2024-05-29 00:00:00,734.2882,741.337,731.5313,734.3334,415551455.0,13496959963.0,0.0,-0.07009608102894152
2024-05-30 00:00:00,733.5473,746.2628,730.3387,742.7038,410331189.0,15367715164.0,0.0,1.1398637185779672
2024-05-31 00:00:00,743.1773,751.3954,741.3514,743.2275,397393872.0,14806562714.0,0.0,0.07051263235760509
2024-06-03 00:00:00,743.6078,754.6477,742.2046,750.427,625587297.0,20309120004.0,0.0,0.968680518414625
2024-06-04 00:00:00,748.3021,755.2522,746.5304,753.6377,415315093.0,14263009864.0,0.0,0.4278497442122917
2024-06-05 00:00:00,752.0488,762.2622,751.3513,752.0444,400623451.0,15460072735.0,0.0,-0.2114145828957335
2024-06-06 00:00:00,756.7882,759.2429,741.6784,743.229,476992033.0,17509271232.0,0.0,-1.1721914291230615
2024-06-07 00:00:00,744.3852,749.4184,731.5192,737.926,389314242.0,15328961164.0,0.0,-0.7135082188665939
2024-06-11 00:00:00,735.8374,756.5254,734.7608,755.8345,512807489.0,20428795301.0,0.0,2.426869360884425
2024-06-12 00:00:00,758.3821,761.5984,753.6073,754.9332,482919539.0,18500576569.0,0.0,-0.11924568142893609
2024-06-13 00:00:00,758.6061,765.9496,755.6062,758.9816,571928362.0,20819903039.0,0.0,0.5362593670539196
2024-06-14 00:00:00,756.4109,756.5347,750.4948,754.2607,917422537.0,28431052793.0,0.0,-0.6220045387134437
2024-06-17 00:00:00,749.9432,759.9313,748.6959,757.106,643134846.0,21914167849.0,0.0,0.37723031307344423
2024-06-18 00:00:00,757.8521,763.8241,753.5545,756.9042,499578285.0,17980317457.0,0.0,-0.026654127691505335
2024-06-19 00:00:00,758.4099,759.1351,747.7447,751.6883,488736063.0,19665341322.0,0.0,-0.689109665397539
2024-06-20 00:00:00,752.1524,766.1242,749.816,755.151,613119884.0,21986228925.0,0.0,0.46065636514495795
2024-06-21 00:00:00,749.7329,758.6693,744.5016,758.3741,448496740.0,16573929555.0,0.0,0.42681529919182326
2024-06-24 00:00:00,754.4125,762.1453,738.2127,739.142,603254344.0,19663426356.0,0.0,-2.5359647698939014
2024-06-25 00:00:00,738.3239,738.7959,713.4223,717.7493,539176136.0,18548095855.0,0.0,-2.8942611839132537
2024-06-26 00:00:00,719.8394,732.1267,713.0044,729.6441,474964559.0,15426668341.0,0.0,1.657236029348971
2024-06-27 00:00:00,725.5201,727.389,715.1699,715.3568,360983011.0,12385129679.0,0.0,-1.9581190336494132
2024-06-28 00:00:00,713.3629,724.8969,710.5383,712.0772,436386570.0,15838772159.0,0.0,-0.45845653525626273
2024-07-01 00:00:00,711.6547,714.1296,699.4157,709.6032,361606095.0,14432193566.0,0.0,-0.34743423887184327
2024-07-02 00:00:00,709.1549,709.1718,697.5436,699.123,333730508.0,13426950883.0,0.0,-1.4769099124693867
2024-07-03 00:00:00,698.958,707.3553,692.8089,701.7847,365157494.0,13816420230.0,0.0,0.38071984471974113
2024-07-04 00:00:00,702.0886,704.7821,689.9207,690.3758,321460085.0,11286702757.0,0.0,-1.6256980239096146
2024-07-05 00:00:00,688.5292,699.9743,683.3956,698.8491,330948143.0,12989805538.0,0.0,1.227346033855763
2024-07-08 00:00:00,700.0243,703.6287,689.8534,692.488,406966969.0,14615777183.0,0.0,-0.9102251115441038
2024-07-09 00:00:00,689.7864,712.1906,689.4211,709.8883,516251730.0,18457402582.0,0.0,2.5127222421182607
2024-07-10 00:00:00,707.1942,715.7116,706.793,710.3693,381961272.0,14804502224.0,0.0,0.06775713869350919
2024-07-11 00:00:00,722.0426,725.0175,712.0028,718.04,462914072.0,18598169963.0,0.0,1.0798186239185747
2024-07-12 00:00:00,713.3117,721.4609,711.1612,718.3699,376064941.0,14466438235.0,0.0,0.045944515625879624
2024-07-15 00:00:00,716.475,720.423,712.7898,715.8636,355811573.0,15637358964.0,0.0,-0.34888711233586067
2024-07-16 00:00:00,712.7582,732.6853,711.7131,732.0638,450173820.0,22389241374.0,0.0,2.263028878685827
2024-07-17 00:00:00,733.0729,735.7127,729.0022,729.0022,448698856.0,19871049082.0,0.0,-0.4182149151481057
2024-07-18 00:00:00,721.7649,738.7302,718.5237,735.4102,524333046.0,21703481318.0,0.0,0.8790096929748655
2024-07-19 00:00:00,731.4085,751.2023,731.3997,749.4705,579844364.0,24948128604.0,0.0,1.9118989646866449
2024-07-22 00:00:00,749.3161,756.6829,747.3824,752.0006,480597561.0,20925021652.0,0.0,0.3375850016778442
2024-07-23 00:00:00,750.1285,750.1285,720.8808,721.1077,428081633.0,19260937914.0,0.0,-4.108095126519838
2024-07-24 00:00:00,720.4696,726.3121,712.3293,713.3213,373510287.0,16206993765.0,0.0,-1.0797832279422437
2024-07-25 00:00:00,708.9356,722.6017,708.9355,713.8828,382218573.0,13951396192.0,0.0,0.07871628114848438
2024-07-26 00:00:00,713.8931,723.4891,710.3301,719.8702,323530900.0,13060946080.0,0.0,0.8387090990285772
2024-07-29 00:00:00,719.5542,721.2212,707.5969,707.5969,342202855.0,13071808421.0,0.0,-1.7049323614173706
2024-07-30 00:00:00,706.8565,712.1548,699.9039,710.0148,324773241.0,12348114014.0,0.0,0.341705849757119
2024-07-31 00:00:00,707.6596,744.0048,707.2044,743.3737,498492235.0,20130281741.0,0.0,4.698338682517597
2024-08-01 00:00:00,745.9636,748.7677,735.5762,738.8706,427619129.0,17678122611.0,0.0,-0.6057653102336036
2024-08-02 00:00:00,730.6522,742.2321,723.5557,725.6603,368161876.0,15954368252.0,0.0,-1.7879044043706653
2024-08-05 00:00:00,719.1563,730.2852,704.2633,704.2959,455944896.0,18302676226.0,0.0,-2.9441323991404857
2024-08-06 00:00:00,714.4886,717.189,705.0205,713.8638,380670597.0,13686407740.0,0.0,1.3585057076152238
2024-08-07 00:00:00,712.7362,716.2555,706.8294,707.5875,272349975.0,10994476026.0,0.0,-0.8792013266396184
2024-08-08 00:00:00,703.055,716.6017,699.7005,708.9226,315469287.0,11845561439.0,0.0,0.18868337838076724
2024-08-09 00:00:00,717.138,719.4299,705.5456,705.5456,292571529.0,12685532592.0,0.0,-0.47635665727118204
2024-08-12 00:00:00,704.3744,709.2074,702.9488,707.3312,268666617.0,10071820094.0,0.0,0.25308073638329415
2024-08-13 00:00:00,707.6951,710.8868,702.9133,710.7468,262761072.0,9442689000.0,0.0,0.48288552802421847
2024-08-14 00:00:00,711.6634,711.9424,700.8495,700.9303,244018595.0,10016342076.0,0.0,-1.3811528943922111
2024-08-15 00:00:00,699.0944,714.4645,697.8577,707.5508,343648840.0,12203043469.0,0.0,0.9445304333398047
2024-08-16 00:00:00,707.3868,710.992,703.5797,705.2244,270107800.0,10404612293.0,0.0,-0.32879617972307223
2024-08-19 00:00:00,705.0385,712.0097,702.9978,703.3217,273288747.0,11420668397.0,0.0,-0.26980064785052554
2024-08-20 00:00:00,704.1157,705.0079,691.6494,693.5231,251764630.0,10089331807.0,0.0,-1.3931889205181591
2024-08-21 00:00:00,691.1343,698.5201,689.3758,691.6357,227915781.0,10695511093.0,0.0,-0.2721466667800909
2024-08-22 00:00:00,692.1893,695.4842,683.8756,685.5307,281461016.0,10755294499.0,0.0,-0.8826901214035102
2024-08-23 00:00:00,683.5869,688.3349,676.2346,685.7587,250224373.0,11695301106.0,0.0,0.03325890437874653
2024-08-26 00:00:00,684.7724,688.9155,679.6144,682.4987,264956970.0,10224132479.0,0.0,-0.47538587552735256
2024-08-27 00:00:00,679.7532,679.7532,672.4572,674.3472,274112198.0,9271112039.0,0.0,-1.194361249332774
2024-08-28 00:00:00,672.9666,675.1094,669.1309,671.2199,242983203.0,8845320759.0,0.0,-0.4637522036126184
2024-08-29 00:00:00,667.8818,683.3255,666.4097,679.5949,296257423.0,10095317058.0,0.0,1.2477282035291266
2024-08-30 00:00:00,678.6132,700.0265,677.5431,694.1638,466204547.0,17283989932.0,0.0,2.1437624090469165
2024-09-02 00:00:00,693.6747,694.4229,670.0108,670.0108,408179847.0,14199918501.0,0.0,-3.4794381383759885
2024-09-03 00:00:00,670.0647,681.4786,670.0647,674.9553,306555868.0,11517063656.0,0.0,0.7379731789397944
2024-09-04 00:00:00,668.9308,679.1725,666.8985,672.2839,241035793.0,9081030313.0,0.0,-0.39578917300152305
2024-09-05 00:00:00,672.9951,680.7917,668.4641,671.2645,242829293.0,11148990391.0,0.0,-0.1516323684086468
2024-09-06 00:00:00,672.6207,673.9703,662.3369,662.3369,246938906.0,9605013789.0,0.0,-1.3299675463248815
2024-09-09 00:00:00,659.5018,665.6652,652.9339,654.9387,249732704.0,9560942050.0,0.0,-1.1169844228820671
2024-09-10 00:00:00,656.0364,663.8265,648.6222,660.0144,249426507.0,9391062427.0,0.0,0.7749885599980553
2024-09-11 00:00:00,657.3864,665.7696,656.819,664.332,292335092.0,10475294174.0,0.0,0.6541675454353678
2024-09-12 00:00:00,666.2176,671.8655,658.6734,658.8536,300827653.0,9691112079.0,0.0,-0.8246479170053476
2024-09-13 00:00:00,658.9832,662.8871,650.6977,655.0456,346360491.0,11787392274.0,0.0,-0.5779736196326457
2024-09-18 00:00:00,654.5113,654.5113,641.9074,647.4088,299156433.0,10572160736.0,0.0,-1.165842500125181
2024-09-19 00:00:00,649.7257,658.362,642.7948,651.466,347059592.0,11147875498.0,0.0,0.6266828625128306
2024-09-20 00:00:00,651.8206,654.1591,642.5978,648.3597,286888778.0,9834173917.0,0.0,-0.47681690218676537
2024-09-23 00:00:00,649.0028,654.2437,643.042,643.042,275770620.0,10299010526.0,0.0,-0.8201774416269156
2024-09-24 00:00:00,648.1299,667.2694,640.3519,667.0485,511201020.0,17492015770.0,0.0,3.7332709216505235
2024-09-25 00:00:00,673.1807,684.432,667.0743,667.3379,522622288.0,19037042964.0,0.0,0.04338515115467624
2024-09-26 00:00:00,667.5479,693.4644,663.1647,693.1492,536397129.0,19260456047.0,0.0,3.867800704860305
2024-09-27 00:00:00,704.5219,742.9569,704.2871,740.0157,500850183.0,17529760272.0,0.0,6.761387014512906
2024-09-30 00:00:00,782.3068,872.3652,776.4476,872.3652,1637527856.0,60095826492.0,0.0,17.884688122157396
2024-10-08 00:00:00,1045.0471,1045.0471,972.3417,1023.9671,2291390563.0,90565101067.0,0.0,17.37826084763583
2024-10-09 00:00:00,993.7812,1084.6821,958.4622,997.8521,2367512512.0,129009238888.0,0.0,-2.550374909506371
2024-10-10 00:00:00,1014.3568,1016.5726,940.0934,954.1719,1541633947.0,78143488772.0,0.0,-4.377422265283593
2024-10-11 00:00:00,939.5709,946.5228,889.1119,898.8987,1057682433.0,50177012132.0,0.0,-5.792792682324861
2024-10-14 00:00:00,904.1439,931.8146,873.5175,925.9552,1076626678.0,51675165610.0,0.0,3.009960966680676
2024-10-15 00:00:00,920.9864,942.2544,898.8269,898.8269,931997092.0,47308559304.0,0.0,-2.9297637725885624
2024-10-16 00:00:00,874.2746,896.3101,872.1602,875.689,733104696.0,33692103771.0,0.0,-2.574233147672823
2024-10-17 00:00:00,897.1997,901.1216,878.7444,879.0962,746998568.0,38180993493.0,0.0,0.3890879067796888
2024-10-18 00:00:00,879.9517,1008.0669,876.6834,978.661,1526347034.0,78440990092.0,0.0,11.32581394391194
2024-10-21 00:00:00,999.5352,1063.8488,977.8752,1000.3748,1848234444.0,103738911066.0,0.0,2.218725380903102
2024-10-22 00:00:00,988.7013,1002.9578,969.8551,985.8337,1299285299.0,66789022686.0,0.0,-1.453565203761633
2024-10-23 00:00:00,976.2489,1003.9576,971.6948,979.1514,1261816218.0,57386215859.0,0.0,-0.6778323767994596
2024-10-24 00:00:00,968.9927,988.0396,968.4885,977.6005,868664719.0,43424546290.0,0.0,-0.158392256805225
2024-10-25 00:00:00,981.4055,1016.0814,974.4841,991.2156,1157389543.0,51261222642.0,0.0,1.392705916169231
2024-10-28 00:00:00,988.4337,991.1273,976.5153,986.5596,907848156.0,40995494587.0,0.0,-0.46972626338810136
2024-10-29 00:00:00,988.4994,1006.8575,975.0276,975.3716,1039213435.0,52355615622.0,0.0,-1.1340419777984119
2024-10-30 00:00:00,967.8407,976.4016,949.3326,958.8217,962893541.0,47976962395.0,0.0,-1.6967789507096556
2024-10-31 00:00:00,960.6823,978.1775,947.5833,969.4476,1080036035.0,55835441019.0,0.0,1.1082248138522524
2024-11-01 00:00:00,960.2104,967.8377,939.7644,939.7644,867759933.0,43409265883.0,0.0,-3.0618673974745976
2024-11-04 00:00:00,938.1907,955.9005,937.9693,954.6673,622598493.0,32124201099.0,0.0,1.5858123589274002
2024-11-05 00:00:00,954.1406,997.8942,950.3924,996.1688,1167570210.0,58241968859.0,0.0,4.3472212780305854
2024-11-06 00:00:00,1002.0629,1017.1237,986.4328,998.0947,1265136478.0,61212048329.0,0.0,0.1933306885339067
2024-11-07 00:00:00,986.5019,1038.026599999,984.5579,1028.4392,1284113836.0,57941203328.0,0.0,3.040242574176583
2024-11-08 00:00:00,1053.4518,1070.9527,1025.4264,1025.6365,1697143980.0,80487085169.0,0.0,-0.27251975615087004
2024-11-11 00:00:00,1033.547,1074.5151,1028.0986,1073.8353,1814167034.0,83562883237.0,0.0,4.699403736118975
2024-11-12 00:00:00,1070.6441,1080.5699,1040.9131,1050.5373,1514569984.0,70793709916.0,0.0,-2.1696064564090976
2024-11-13 00:00:00,1042.1952,1062.646199999,1039.582799999,1061.366,1091457243.0,56232896410.0,0.0,1.0307772984357648
2024-11-14 00:00:00,1056.209599999,1065.1964,1024.5504,1027.316,951590028.0,48673461835.0,0.0,-3.2081299005244146
2024-11-15 00:00:00,1024.598999999,1030.2696,986.8598,986.8755,968850259.0,47315739850.0,0.0,-3.9365200191567187
2024-11-18 00:00:00,989.403,1001.9864,962.833,968.7133,865925760.0,41250184219.0,0.0,-1.8403739884108972
2024-11-19 00:00:00,973.9966,999.9637,960.0116,998.0149,758963630.0,37773813825.0,0.0,3.024795881299452
2024-11-20 00:00:00,992.6728,1008.556,988.263,1002.5392,681479498.0,34399147242.0,0.0,0.45332990519480615
2024-11-21 00:00:00,1002.9749,1019.9987,999.5607,1011.463,730221561.0,39655520856.0,0.0,0.8901198077840662
2024-11-22 00:00:00,1011.6443,1018.5067,968.9612,969.3527,797046574.0,40878394971.0,0.0,-4.163306023057683
2024-11-25 00:00:00,970.8167,974.291,941.2148,957.9209,682298864.0,36114475499.0,0.0,-1.1793230678575577
2024-11-26 00:00:00,955.579,967.9156,950.509,951.5932,516596889.0,22313522365.0,0.0,-0.6605660237708496
2024-11-27 00:00:00,947.9453,987.9824,940.8742,985.9746,732682282.0,37460216739.0,0.0,3.613035486172031
2024-11-28 00:00:00,985.7874,1003.4227,981.3696,983.6834,702852183.0,34906381129.0,0.0,-0.23237921139144996
2024-11-29 00:00:00,980.4273,1024.5346,978.3922,1007.3914,880084499.0,42638708075.0,0.0,2.4101250463309607
2024-12-02 00:00:00,1008.7094,1022.594,1002.0579,1015.7865,882093802.0,38979570731.0,0.0,0.8333503740452888
2024-12-03 00:00:00,1017.0668,1021.7034,997.1124,1005.2649,772046020.0,33090704513.0,0.0,-1.0358082136354474
2024-12-04 00:00:00,1020.0818,1023.0614,995.2017,999.3577,885706863.0,38309427846.0,0.0,-0.5876262067839023
2024-12-05 00:00:00,993.168,1006.5747,992.8936,1001.8442,590800606.0,27167124409.0,0.0,0.24880981054130846
2024-12-06 00:00:00,1004.7699,1024.843599999,994.6306,1014.4463,809886055.0,33283507657.0,0.0,1.2578901988951925
2024-12-09 00:00:00,1012.8753,1016.9431,995.4104,1003.3821,674342315.0,29464210025.0,0.0,-1.090663941501873
2024-12-10 00:00:00,1051.527499999,1051.901,1008.4967,1010.9107,897720009.0,43367955605.0,0.0,0.7503223348313651
2024-12-11 00:00:00,1007.5473,1016.8283,1004.355,1007.1881,829932454.0,34289879943.0,0.0,-0.3682422196144582
2024-12-12 00:00:00,1008.1361,1014.5567,999.0606,1010.8952,795871997.0,34274725024.0,0.0,0.3680643168838157
2024-12-13 00:00:00,1003.9936,1009.3528,988.7314,989.7763,1493424530.0,56459732441.0,0.0,-2.0891285268740076
2024-12-16 00:00:00,990.5744,992.3581,971.0991,975.2684,834927456.0,36855492034.0,0.0,-1.4657756505181978
2024-12-17 00:00:00,974.0447,980.5675,965.494,967.2764,540282605.0,25178867528.0,0.0,-0.8194667232117923
2024-12-18 00:00:00,970.4632,984.7599,965.5578,981.5127,557128791.0,31008011884.0,0.0,1.4717923439463663
2024-12-19 00:00:00,969.3809,997.7987,967.8594,993.0019,659808529.0,38195311544.0,0.0,1.1705605031906345
2024-12-20 00:00:00,990.058,1024.7158,989.4144,1011.2093,947624295.0,56904998374.0,0.0,1.8335715168319424
2024-12-23 00:00:00,1011.193,1025.8107,996.8888,998.6073,878762426.0,53012621437.0,0.0,-1.246230627032403
2024-12-24 00:00:00,1002.5044,1015.8679,991.3038,1014.017,676624072.0,38537483913.0,0.0,1.5431191019733226
2024-12-25 00:00:00,1018.5698,1024.9454,1009.7148,1017.3567,696305801.0,42680002225.0,0.0,0.3293534526541462
2024-12-26 00:00:00,1014.0694,1030.6735,1010.9363,1027.022899999,725416393.0,45117972696.0,0.0,0.9501288976619411
2024-12-27 00:00:00,1026.706799999,1044.1527,1016.9785,1018.5794,845229294.0,50641254809.0,0.0,-0.8221335667401578
2024-12-30 00:00:00,1014.7807,1031.455999999,1011.1046,1020.6331,687428291.0,42138777404.0,0.0,0.20162394802015915
2024-12-31 00:00:00,1020.5215,1021.4143,988.9346,988.9346,729141242.0,38740807269.0,0.0,-3.1057683706319112
2025-01-02 00:00:00,986.822,986.822,945.4523,955.3334,746345556.0,40785102267.0,0.0,-3.3977170987849004
2025-01-03 00:00:00,955.722,963.2264,941.2455,941.8191,602927367.0,30757666707.0,0.0,-1.4146160910944738
2025-01-06 00:00:00,943.7557,949.5905,931.002,938.7068,494765389.0,26431496730.0,0.0,-0.330456241543626
2025-01-07 00:00:00,938.5985,966.0688,936.6456,965.5297,560780232.0,33373670076.0,0.0,2.8574310956307127
2025-01-08 00:00:00,956.7109,976.6235,937.8204,965.1193,617672416.0,35650388790.0,0.0,-0.04250516581728093
2025-01-09 00:00:00,962.2346,972.4658,960.5368,961.4394,545885378.0,28740427372.0,0.0,-0.38128964989094877
2025-01-10 00:00:00,962.2215,980.7548,950.5916,950.5916,653186020.0,38011132464.0,0.0,-1.1282874406852899
2025-01-13 00:00:00,938.3821,955.0801,936.7818,952.1856,518265363.0,29704254830.0,0.0,0.16768505002569462
2025-01-14 00:00:00,958.4942,984.0285,946.6343,981.7793,717669791.0,40449876102.0,0.0,3.10797600803877
2025-01-15 00:00:00,976.1301,988.8606,970.8237,977.6609,657254631.0,35651249999.0,0.0,-0.41948327898134186
2025-01-16 00:00:00,982.0856,991.8965,954.1498,956.3965,747426043.0,47632287418.0,0.0,-2.175028171833406
2025-01-17 00:00:00,949.8425,977.8068,947.8372,965.9031,664767047.0,39550289946.0,0.0,0.9940019646663334
2025-01-20 00:00:00,969.8405,978.2161,962.4009,968.2711,565571926.0,32231163584.0,0.0,0.24515916762251327
2025-01-21 00:00:00,973.9086,980.1458,964.862,976.2959,641570762.0,37579630162.0,0.0,0.8287761557687628
2025-01-22 00:00:00,972.212,980.4113,967.6697,975.34,547772168.0,32119486943.0,0.0,-0.09791088951617319
2025-01-23 00:00:00,987.2647,994.7674,966.1063,966.1063,662841822.0,36909874296.0,0.0,-0.9467160169786946
2025-01-24 00:00:00,966.0923,980.4274,966.0923,974.8342,545581953.0,30204318306.0,0.0,0.9034099042724363
2025-01-27 00:00:00,972.1886,975.9613,954.9047,955.09,534105584.0,32167947126.0,0.0,-2.025390574109933
2025-02-05 00:00:00,989.1185,989.5348,974.9857,982.8287,787830014.0,52804452861.0,0.0,2.90430221235695
2025-02-06 00:00:00,977.0184,1012.8763,975.3692,1011.2199,901897926.0,53650644484.0,0.0,2.888723131508067
2025-02-07 00:00:00,1011.0556,1035.1696,1003.2389,1018.7988,1043693929.0,57550166398.0,0.0,0.7494808992584081
2025-02-10 00:00:00,1023.0204,1038.0225,1018.3727,1036.7653,821804821.0,48806906465.0,0.0,1.7634983472693524
2025-02-11 00:00:00,1034.9546,1038.5967,1018.3915,1024.4122,722229778.0,40694633638.0,0.0,-1.191503998060124
2025-02-12 00:00:00,1026.8715,1042.133499999,1021.5653,1041.1366,817007254.0,47569270932.0,0.0,1.6325850082613287
2025-02-13 00:00:00,1040.4247,1041.982,1016.2266,1017.0875,706633808.0,42189689852.0,0.0,-2.309889019365957
2025-02-14 00:00:00,1012.6124,1024.9647,1008.2816,1022.4634,730172173.0,42956229059.0,0.0,0.528558260719948
2025-02-17 00:00:00,1030.8585,1039.7455,1026.8864,1037.307,796916174.0,47156238749.0,0.0,1.4517487863135285
2025-02-18 00:00:00,1034.63,1036.5001,1006.9427,1011.1683,783746491.0,42256777220.0,0.0,-2.519861526047734
2025-02-19 00:00:00,1010.6692,1035.0632,1010.3699,1034.5705,960904689.0,47971007120.0,0.0,2.3143723947833403
2025-02-20 00:00:00,1034.786599999,1041.616,1025.915299999,1033.0853,831691895.0,41103887037.0,0.0,-0.143557157293783
2025-02-21 00:00:00,1042.4012,1098.5975,1038.8487,1094.773899999,1263189168.0,81244243064.0,0.0,5.971297820131596
2025-02-24 00:00:00,1093.029399999,1110.0555,1084.5742,1100.0534,1007704669.0,61613993158.0,0.0,0.48224569484209573
2025-02-25 00:00:00,1083.9401,1119.3044,1079.4882,1102.9012,992674442.0,61859095618.0,0.0,0.2588783417241387
2025-02-26 00:00:00,1108.5835,1129.6339,1093.2705,1126.8203,1177727772.0,65707957196.0,0.0,2.168743673504034
2025-02-27 00:00:00,1127.2467,1140.3686,1101.5243,1126.287,1059824213.0,63917638571.0,0.0,-0.04732786585403669
2025-02-28 00:00:00,1118.5211,1123.5641,1076.0107,1078.7976,1100278172.0,65403707889.0,0.0,-4.216456373908243
2025-03-03 00:00:00,1079.643399999,1087.715999999,1055.7722,1062.3506,896283915.0,52509731532.0,0.0,-1.5245677224346916
2025-03-04 00:00:00,1052.4679,1088.533799999,1050.2466,1080.6648,810914621.0,48021709698.0,0.0,1.7239318168597098
2025-03-05 00:00:00,1081.097299999,1090.4701,1072.0567,1083.8168,715338429.0,41475186780.0,0.0,0.29167231134020866
2025-03-06 00:00:00,1100.4421,1125.6379,1099.7182,1121.5845,956305494.0,62324980941.0,0.0,3.4846940922118828
2025-03-07 00:00:00,1113.838,1120.9826,1102.6103,1107.6227,807235865.0,45982024706.0,0.0,-1.2448281872654303
2025-03-10 00:00:00,1107.3097,1111.7369,1088.3435,1105.1639,740080048.0,42848807099.0,0.0,-0.22198894984726145
2025-03-11 00:00:00,1086.3832,1102.9116,1085.461399999,1100.7418,688111474.0,37953588885.0,0.0,-0.40013069554660624
2025-03-12 00:00:00,1107.9566,1112.1632,1092.6739,1092.7079,658625820.0,39709715536.0,0.0,-0.7298623528242412
2025-03-13 00:00:00,1093.5935,1094.8878,1064.2457,1069.703199999,723402721.0,38339744723.0,0.0,-2.1052927320284014
2025-03-14 00:00:00,1070.7961,1089.256599999,1069.0101,1088.1125,730353908.0,40487857228.0,0.0,1.72097269607282
2025-03-17 00:00:00,1089.9981,1090.1131,1077.4939,1083.2131,640170601.0,32363780689.0,0.0,-0.45026594217050303
2025-03-18 00:00:00,1087.344499999,1103.485,1087.344499999,1089.8254,647930605.0,33281601007.0,0.0,0.6104339026180542
2025-03-19 00:00:00,1084.901599999,1089.6323,1075.0985,1076.9372,541079408.0,30328496723.0,0.0,-1.1825931016105764
2025-03-20 00:00:00,1075.1322,1076.3695,1064.2517,1064.792899999,509089878.0,28748802004.0,0.0,-1.1276702115035255
2025-03-21 00:00:00,1063.3306,1065.4086,1036.3686,1042.892599999,621512087.0,35651527198.0,0.0,-2.056766156124875
2025-03-24 00:00:00,1042.3304,1048.1699,1029.9087,1045.9416,595845576.0,30676759365.0,0.0,0.29235992287251045
2025-03-25 00:00:00,1045.8489,1049.3108,1028.538299999,1031.696999999,503432923.0,28414318496.0,0.0,-1.3618924805170964
2025-03-26 00:00:00,1029.8073,1040.222,1028.801899999,1029.054799999,422890173.0,21235940024.0,0.0,-0.25610232461687527
2025-03-27 00:00:00,1028.6949,1053.2157,1026.2008,1040.5698,531008510.0,31149214795.0,0.0,1.1189880267806225
2025-03-28 00:00:00,1037.7563,1044.9186,1029.4557,1029.4762,425316968.0,24370527920.0,0.0,-1.0661082034093172
2025-03-31 00:00:00,1024.2635,1031.3367,1011.9737,1022.7139,510965440.0,26610631057.0,0.0,-0.656868026672214
2025-04-01 00:00:00,1027.9611,1037.3162,1022.7755,1024.375399999,508244261.0,28541911260.0,0.0,0.16245990193346774
2025-04-02 00:00:00,1021.8205,1030.9129,1020.3755,1022.7482,354801680.0,18036025231.0,0.0,-0.15884801597163517
2025-04-03 00:00:00,1011.6048,1030.5471,1011.6048,1018.0723,463622367.0,27916862339.0,0.0,-0.45718975599272194
2025-04-07 00:00:00,960.4893,982.7674,877.7139,924.1733,1168939792.0,55444826856.0,0.0,-9.223215286379956
2025-04-08 00:00:00,932.2374,950.7432,923.6694,940.0905,894676893.0,40548049951.0,0.0,1.7223176648795178
2025-04-09 00:00:00,922.8617,992.3414,917.3525,980.5688,925387597.0,50318541193.0,0.0,4.305787581089266
2025-04-10 00:00:00,1003.6828,1006.1465,985.7149,991.2244,698586429.0,37829571448.0,0.0,1.0866754071718308
2025-04-11 00:00:00,990.8307,1027.5385,987.8302,1011.7084,756411666.0,43608420413.0,0.0,2.0665350852945146
2025-04-14 00:00:00,1018.2578,1025.4434,1006.1703,1014.2834,553808671.0,31846374034.0,0.0,0.25451997828623796
2025-04-15 00:00:00,1011.6712,1012.0185,995.8171,1006.3395,410208546.0,22436637755.0,0.0,-0.7832031954777121
2025-04-16 00:00:00,1016.755,1017.1409,996.4013,1014.5088,461582074.0,28046354289.0,0.0,0.8117836972512662
2025-04-17 00:00:00,1007.6296,1024.0434,1006.7718,1016.8117,374853289.0,24115748795.0,0.0,0.22699655242024736
2025-04-18 00:00:00,1011.5106,1012.9336,1003.4251,1008.597,300095971.0,16711032776.0,0.0,-0.8078880288257888
2025-04-21 00:00:00,1012.8126,1021.3764,1008.5613,1019.4109,339410900.0,22950800844.0,0.0,1.072172532736067
2025-04-22 00:00:00,1018.4196,1023.4965,1012.595,1016.2181,427546700.0,23588916840.0,0.0,-0.3132004964828138
2025-04-23 00:00:00,1019.0157,1022.656,1010.0865,1012.6475,405506800.0,23097083641.0,0.0,-0.3513615827153652
2025-04-24 00:00:00,1012.3345,1012.3952,1000.4646,1003.3159,360620600.0,20050769533.0,0.0,-0.9215052621963694
2025-04-25 00:00:00,1003.8714,1011.5889,997.9781,1004.5718,388692700.0,20273706756.0,0.0,0.12517493244151684
2025-04-28 00:00:00,1004.0481,1008.5892,997.9048,1002.8319,357234800.0,18698563913.0,0.0,-0.1731981725945357
2025-04-29 00:00:00,996.9668,1005.7063,994.2178,1003.8667,400422200.0,18713607629.0,0.0,0.10318778251868715
2025-04-30 00:00:00,1000.6509,1014.3741,1000.6509,1012.4165,552138700.0,26295606260.0,0.0,0.8516867827172675
2025-05-06 00:00:00,1016.4373,1027.022,1013.5801,1026.5205,539684100.0,27521096690.0,0.0,1.3931025422837382
2025-05-07 00:00:00,1044.1727,1044.573,1021.7913,1030.1857,555616300.0,27590484959.0,0.0,0.3570508333735092
2025-05-08 00:00:00,1024.9656,1030.0854,1022.4932,1026.4389,439933800.0,21702341600.0,0.0,-0.36370141810354134
2025-05-09 00:00:00,1020.7872,1020.7872,1006.3189,1006.3189,455958800.0,23619030336.0,0.0,-1.960175125864785
2025-05-12 00:00:00,1008.9605,1016.7265,1004.4883,1011.2314,512787100.0,26523876386.0,0.0,0.48816533208310237
2025-05-13 00:00:00,1020.3427,1021.5305,1009.6336,1009.6822,585073400.0,22751576354.0,0.0,-0.15319935674466217
2025-05-14 00:00:00,1014.0953,1021.3932,1006.512,1013.772,486794500.0,21853068151.0,0.0,0.40505814601862666
2025-05-15 00:00:00,1011.5736,1011.6901,999.2574,1000.9687,380856400.0,18253497848.0,0.0,-1.262936833923213
2025-05-16 00:00:00,997.4476,999.4145,991.4175,995.2366,363515700.0,17183726305.0,0.0,-0.5726552688410795
2025-05-19 00:00:00,994.2807,998.623,985.9843,995.2547,431333100.0,17660736522.0,0.0,0.0018186630194271397
2025-05-20 00:00:00,995.7522,1002.0,993.6913,997.6773,365994300.0,17515022164.0,0.0,0.2434150775675803
2025-05-21 00:00:00,996.6556,999.9636,993.7355,995.4867,398585200.0,17383219851.0,0.0,-0.21956999522790627
2025-05-22 00:00:00,994.0786,1000.3843,989.0552,990.7112,348305900.0,16440068029.0,0.0,-0.4797150981524996
2025-05-23 00:00:00,989.7112,997.0176,980.5781,980.5781,396657000.0,18695831619.0,0.0,-1.0228106838804298
2025-05-26 00:00:00,982.0651,985.4719,978.1416,982.2605,332997100.0,16183737692.0,0.0,0.17157225926216685
2025-05-27 00:00:00,982.0188,983.4292,972.673,972.9197,346266500.0,16420107841.0,0.0,-0.9509493662831748
2025-05-28 00:00:00,973.9044,975.8556,969.6765,970.6401,299887600.0,14636467981.0,0.0,-0.2343050510746234
2025-05-29 00:00:00,972.2574,986.4465,970.6918,986.302,358830400.0,17867661051.0,0.0,1.6135640800333781
2025-05-30 00:00:00,981.3464,981.3464,974.1135,977.0265,349103400.0,17632791558.0,0.0,-0.9404320380573055
2025-06-03 00:00:00,977.2298,987.6213,976.1051,981.7102,588520000.0,23096823932.0,0.0,0.479383107827672
2025-06-04 00:00:00,982.3641,988.1641,981.6151,986.1106,388337900.0,18281798870.0,0.0,0.44823818678872757
2025-06-05 00:00:00,987.5294,997.9318,982.8536,996.4072,416000400.0,21630244068.0,0.0,1.044162794720999
2025-06-06 00:00:00,995.3149,995.7039,989.1549,991.6422,369298600.0,17534384398.0,0.0,-0.47821814214108316
2025-06-09 00:00:00,991.3076,1002.4007,989.5266,997.6118,428859600.0,19531471640.0,0.0,0.6019913230800398
2025-06-10 00:00:00,1004.5543,1004.7772,978.7872,982.9043,579086400.0,31553163286.0,0.0,-1.4742708536526916
2025-06-11 00:00:00,982.598,990.1367,980.293,980.9328,431685600.0,21328053412.0,0.0,-0.2005790390783713
2025-06-12 00:00:00,978.6861,982.1248,974.6293,977.9731,468891400.0,22227388299.0,0.0,-0.3017230130341241
2025-06-13 00:00:00,971.6949,978.4201,966.8723,972.9408,909895100.0,34036177960.0,0.0,-0.5145642553972166
2025-06-16 00:00:00,968.1859,975.541,968.1859,970.8914,490835300.0,22286789206.0,0.0,-0.21063974293194318
2025-06-17 00:00:00,971.5345,972.1992,960.6403,963.0834,444514100.0,20720637924.0,0.0,-0.8042094100328825
2025-06-18 00:00:00,962.2448,971.7958,960.0196,968.1791,418841400.0,20442748517.0,0.0,0.5291026716896964
2025-06-19 00:00:00,966.917,974.4831,960.54,962.9431,405625300.0,19631901756.0,0.0,-0.5408090300647876
2025-06-20 00:00:00,963.7834,967.9811,956.8707,957.8718,437414200.0,18132954872.0,0.0,-0.5266458630837015
2025-06-23 00:00:00,952.3254,966.1918,952.3254,961.4888,466469000.0,24994968476.0,0.0,0.3776079429418385
2025-06-24 00:00:00,963.7903,980.5197,963.7903,978.7142,495520200.0,26980344676.0,0.0,1.7915341291547064
2025-06-25 00:00:00,979.9713,996.6607,976.16,995.6097,576087900.0,32673753459.0,0.0,1.7262955825101924
2025-06-26 00:00:00,995.5748,1005.8948,989.9724,989.9724,525005600.0,30735304492.0,0.0,-0.5662158574790886
2025-06-27 00:00:00,996.6835,998.5755,987.8312,988.2112,497366800.0,27908260434.0,0.0,-0.17790394964546796
2025-06-30 00:00:00,992.2969,1004.4714,992.2969,1003.4137,573673900.0,29554501334.0,0.0,1.5383857215947347
2025-07-01 00:00:00,1002.0854,1002.0854,992.5485,994.7951,488084900.0,28040484517.0,0.0,-0.8589278779031921
2025-07-02 00:00:00,992.3831,992.4732,981.2204,982.6362,595127400.0,23991637171.0,0.0,-1.2222516978622044
2025-07-03 00:00:00,984.3377,987.0935,980.8135,984.9489,461081000.0,19704363300.0,0.0,0.2353566864318605
2025-07-04 00:00:00,984.5284,997.4055,976.8286,984.8018,530478700.0,24524009279.0,0.0,-0.01493478494163739
2025-07-07 00:00:00,983.1983,987.1056,976.9048,978.2931,379110700.0,17519394051.0,0.0,-0.6609147140064099
2025-07-08 00:00:00,978.9046,993.1864,977.6001,991.9481,615751700.0,23087551122.0,0.0,1.3957984575379274
2025-07-09 00:00:00,991.3416,993.6112,981.5005,983.1111,470230800.0,20413676273.0,0.0,-0.8908732220970017
2025-07-10 00:00:00,981.7351,986.3087,978.8926,979.9891,543718100.0,22167641726.0,0.0,-0.31756329472833306
2025-07-11 00:00:00,980.3754,1000.0348,979.176,994.4481,600255700.0,31328303456.0,0.0,1.4754245735998437
2025-07-14 00:00:00,995.2883,998.9686,992.3886,992.3886,457645500.0,22922459142.0,0.0,-0.2070997973649864
2025-07-15 00:00:00,990.7305,998.0838,986.4989,996.2455,516786900.0,26658718510.0,0.0,0.3886481565789849
2025-07-16 00:00:00,996.3324,1008.4665,994.3798,997.6299,426207800.0,26893239242.0,0.0,0.13896173182212898
2025-07-17 00:00:00,997.7115,1005.6653,992.5558,1005.648,535346500.0,28343835519.0,0.0,0.8037148846481049
2025-07-18 00:00:00,1008.1333,1013.1214,1003.0889,1007.5252,497635100.0,26946168549.0,0.0,0.18666571205829635
2025-07-21 00:00:00,1007.5845,1010.3445,1005.0314,1007.8938,580870500.0,26906563356.0,0.0,0.03658469286922202
2025-07-22 00:00:00,1007.5126,1019.0296,1005.8381,1016.2653,697700700.0,31505202793.0,0.0,0.8305934613349114
2025-07-23 00:00:00,1016.5813,1030.5447,1014.8445,1020.8554,705393200.0,33385942319.0,0.0,0.45166355675038855
2025-07-24 00:00:00,1019.7195,1032.8379,1019.3087,1032.8379,721447800.0,32633729553.0,0.0,1.1737705457599537
2025-07-25 00:00:00,1032.448,1059.7336,1028.7886,1054.1956,743388800.0,41937228168.0,0.0,2.067865635062387
2025-07-28 00:00:00,1054.9059,1059.0498,1048.5481,1055.1086,631929800.0,35094152852.0,0.0,0.08660631859969922
2025-07-29 00:00:00,1053.1178,1071.4369,1051.5528,1070.4479,691330600.0,40516759456.0,0.0,1.4538124321989099
2025-07-30 00:00:00,1065.9386,1073.816,1051.1076,1058.5715,683250800.0,35323137071.0,0.0,-1.1094794991890664
2025-07-31 00:00:00,1057.3203,1070.7594,1045.4505,1047.8699,836001800.0,45684318295.0,0.0,-1.0109473002059945
2025-08-01 00:00:00,1047.375,1056.4184,1029.53,1036.7746,626311300.0,33049271021.0,0.0,-1.0588432781588586
2025-08-04 00:00:00,1034.1273,1049.459,1033.854,1049.4062,592839200.0,33222283957.0,0.0,1.2183554651126616
2025-08-05 00:00:00,1048.714,1054.1066,1046.5275,1053.6462,548712600.0,26801640177.0,0.0,0.40403801692805036
2025-08-06 00:00:00,1051.8721,1060.4018,1049.598,1059.7614,607042900.0,34761262507.0,0.0,0.5803845731138391
2025-08-07 00:00:00,1059.8447,1069.0444,1053.7306,1058.2051,618381800.0,38436154459.0,0.0,-0.146853810678535
2025-08-08 00:00:00,1052.461,1052.7355,1042.8386,1043.5366,679274200.0,33381498692.0,0.0,-1.3861679555314934
2025-08-11 00:00:00,1043.2274,1053.6954,1043.0766,1049.7296,634311100.0,30339848725.0,0.0,0.5934626538254608
2025-08-12 00:00:00,1048.2065,1077.8758,1044.3255,1069.8089,774462600.0,53180289110.0,0.0,1.9128068790286663
2025-08-13 00:00:00,1069.5221,1079.1387,1067.501,1077.6978,749692800.0,47687324639.0,0.0,0.7374120742498891
2025-08-14 00:00:00,1079.2243,1109.8543,1079.2243,1085.7358,963996000.0,65652300401.0,0.0,0.7458491610542409
2025-08-15 00:00:00,1079.1607,1104.4999,1076.9974,1101.2931,952712800.0,53157191843.0,0.0,1.4328808168617237
2025-08-18 00:00:00,1114.3204,1138.421,1105.5837,1124.8218,1260547700.0,68521267943.0,0.0,2.1364612199967334
2025-08-19 00:00:00,1122.6391,1133.6292,1111.6597,1112.2662,842576900.0,54923342427.0,0.0,-1.116230144188165
2025-08-20 00:00:00,1109.7012,1148.7356,1105.274,1148.1469,1000487200.0,65459161544.0,0.0,3.2259094090964857
2025-08-21 00:00:00,1150.9797,1173.2784,1143.1621,1149.1507,981130200.0,65718251807.0,0.0,0.08742783697799957
2025-08-22 00:00:00,1162.2905,1248.067,1162.2905,1247.8621,1624784100.0,110430316984.0,0.0,8.589943860278739
2025-08-25 00:00:00,1282.0535,1320.7151,1252.8441,1287.7338,1883804500.0,134540228772.0,0.0,3.195200815859374
2025-08-26 00:00:00,1266.5859,1284.0732,1257.4443,1270.8712,1137635600.0,82091139087.0,0.0,-1.3094787136906656
2025-08-27 00:00:00,1285.4436,1332.8164,1272.5546,1272.5561,1611894800.0,121089068277.0,0.0,0.13257834468197646
2025-08-28 00:00:00,1280.2372,1365.9181,1275.4987,1364.6045,1900940100.0,135515372459.0,0.0,7.23334711923505
2025-08-29 00:00:00,1335.6467,1346.761,1314.7418,1341.3106,1561683000.0,111147793261.0,0.0,-1.707007414968945
2025-09-01 00:00:00,1348.5326,1366.921,1322.8006,1357.1484,1543817900.0,95841457848.0,0.0,1.180770509082685
2025-09-02 00:00:00,1353.9443,1364.1953,1314.1155,1328.2792,1339363800.0,90061910903.0,0.0,-2.1271955226119776
2025-09-03 00:00:00,1318.5057,1325.7501,1296.7094,1306.4787,1093792300.0,68153424744.0,0.0,-1.6412588558188712
2025-09-04 00:00:00,1301.9757,1304.0521,1210.8674,1226.9847,1529605300.0,90476808168.0,0.0,-6.08459977189065
2025-09-05 00:00:00,1232.2142,1275.1,1220.783,1268.5517,1365915700.0,74741463831.0,0.0,3.387735804692594
2025-09-08 00:00:00,1266.4747,1280.8185,1253.7301,1275.8677,1295355100.0,70266203911.0,0.0,0.5767206807574363
2025-09-09 00:00:00,1250.9621,1271.9643,1239.9378,1245.5284,1120618700.0,68963449785.0,0.0,-2.377934640088474
2025-09-10 00:00:00,1253.504,1272.9147,1246.2628,1259.0959,989643700.0,71142415368.0,0.0,1.0892967193682705
2025-09-11 00:00:00,1254.1903,1332.7588,1244.1386,1326.0329,1354350400.0,106001674207.0,0.0,5.316274955704319
2025-09-12 00:00:00,1324.8444,1360.0655,1323.4465,1338.018,1369601100.0,115807804437.0,0.0,0.9038312699481365
2025-09-15 00:00:00,1362.8512,1366.4598,1332.4264,1340.3966,1424889500.0,97644986106.0,0.0,0.1777704036866474
2025-09-16 00:00:00,1347.1959,1370.2857,1347.1959,1358.0474,1158610900.0,94773304659.0,0.0,1.3168341370009362
2025-09-17 00:00:00,1351.6371,1378.8725,1338.9526,1370.4299,1256012000.0,92229459029.0,0.0,0.9117870259904157
2025-09-18 00:00:00,1385.5031,1433.5736,1351.1371,1380.351,1742902500.0,139607845583.0,0.0,0.7239407137862377
2025-09-19 00:00:00,1388.8594,1400.6942,1359.2855,1362.6494,1213906200.0,101284457328.0,0.0,-1.2823984624200726
2025-09-22 00:00:00,1361.2549,1422.7409,1353.7148,1408.6445,1265197300.0,114241889039.0,0.0,3.37541703684015
2025-09-23 00:00:00,1406.6066,1419.2843,1364.4409,1407.3017,1518367400.0,115457332152.0,0.0,-0.0953256836625653
2025-09-24 00:00:00,1395.3739,1479.7036,1394.6849,1456.4693,1978034100.0,126825424534.0,0.0,3.493749776611511
2025-09-25 00:00:00,1449.6545,1486.4298,1448.6855,1474.4866,1654722000.0,102948520074.0,0.0,1.237053194324108
2025-09-26 00:00:00,1461.9526,1485.876,1448.961,1450.824,1725102900.0,93897738148.0,0.0,-1.6048026479182576
2025-09-29 00:00:00,1448.545,1470.4144,1424.8406,1470.4144,1541410700.0,96297207528.0,0.0,1.3502947290642986
2025-09-30 00:00:00,1488.293,1505.9073,1478.4231,1495.2878,1473150600.0,99799141643.0,0.0,1.6915911596078068
2025-10-09 00:00:00,1526.9179,1588.8329,1522.7864,1539.081,2214971600.0,146061491313.0,0.0,2.9287472284599554
2025-10-10 00:00:00,1511.1644,1512.3388,1444.9853,1452.6753,1797651300.0,119486421650.0,0.0,-5.614109978617097
2025-10-13 00:00:00,1409.6843,1476.1296,1409.6843,1473.0172,1677396600.0,111559785341.0,0.0,1.4003060422380622
2025-10-14 00:00:00,1488.0475,1489.1676,1399.9669,1410.3004,1846890800.0,117052460764.0,0.0,-4.257709957494042
2025-10-15 00:00:00,1409.5271,1430.2797,1390.9893,1429.9966,1288930800.0,79721087814.0,0.0,1.3965960727232198
2025-10-16 00:00:00,1419.5527,1444.2311,1409.7002,1416.575,1089813700.0,74172166332.0,0.0,-0.9385756581519075
2025-10-17 00:00:00,1411.7398,1415.6579,1360.4493,1363.1684,1167923100.0,72841743901.0,0.0,-3.7701215961032792
2025-10-20 00:00:00,1390.7101,1397.7326,1358.6864,1367.8986,936950300.0,68934846158.0,0.0,0.3470004146222849
2025-10-21 00:00:00,1374.9832,1410.0712,1368.0064,1406.3183,951331300.0,76299647522.0,0.0,2.8086657885313957
2025-10-22 00:00:00,1392.588,1424.2318,1380.9756,1405.407,816675700.0,70472598304.0,0.0,-0.06480040827172504
2025-10-23 00:00:00,1396.0912,1403.9403,1375.7457,1401.2558,777447300.0,55402363288.0,0.0,-0.2953735110185176
2025-10-24 00:00:00,1421.2093,1466.8498,1416.4616,1462.222,1081786200.0,98926187021.0,0.0,4.350825880613667
2025-10-27 00:00:00,1489.663,1491.1067,1457.6494,1484.2064,1320700300.0,107028877061.0,0.0,1.5034926297101296
2025-10-28 00:00:00,1470.4837,1496.0644,1463.4625,1471.7309,1085480600.0,87813330823.0,0.0,-0.8405502091892348
2025-10-29 00:00:00,1466.4393,1495.3811,1465.3113,1489.1233,1266585900.0,86154047012.0,0.0,1.1817649544492101
2025-10-30 00:00:00,1485.9373,1494.4019,1461.3001,1461.3001,1358141800.0,98812179518.0,0.0,-1.8684282221626671
2025-10-31 00:00:00,1451.0568,1452.2387,1415.5254,1415.5254,1407525200.0,94950544439.0,0.0,-3.1324640298046886
2025-11-03 00:00:00,1403.4555,1406.0091,1372.2537,1400.8585,1343344200.0,77516250288.0,0.0,-1.036145306894524
2025-11-04 00:00:00,1406.8642,1415.7338,1378.6417,1387.2392,1078230200.0,68382286891.0,0.0,-0.9722109692021048
2025-11-05 00:00:00,1355.7224,1398.3682,1355.7224,1390.3946,1180566100.0,62705432576.0,0.0,0.22745897030592124
2025-11-06 00:00:00,1405.1539,1442.812,1403.0729,1436.858,1370438500.0,90991808201.0,0.0,3.341741977421364
2025-11-07 00:00:00,1420.2285,1434.3871,1414.4681,1415.6855,1319918500.0,64751083271.0,0.0,-1.4735276554816066
2025-11-10 00:00:00,1422.3224,1431.7657,1389.7742,1407.5576,1344762300.0,72773485804.0,0.0,-0.5741317545457627
2025-11-11 00:00:00,1416.858,1423.6794,1385.0673,1387.5337,1175212700.0,64848480576.0,0.0,-1.4225989757008977
2025-11-12 00:00:00,1377.1474,1388.5079,1362.3782,1379.4518,1272404100.0,61853436539.0,0.0,-0.5824651321982238
2025-11-13 00:00:00,1376.3694,1404.6286,1373.4928,1399.2916,1211163000.0,62760074626.0,0.0,1.4382380015017535
2025-11-14 00:00:00,1379.4372,1390.6196,1361.2323,1361.2323,1152590000.0,61292056598.0,0.0,-2.7198976968060213
2025-11-17 00:00:00,1363.4781,1377.5468,1344.9079,1354.0376,1130595500.0,59542322532.0,0.0,-0.5285431443259012
2025-11-18 00:00:00,1350.5073,1374.0321,1348.1,1357.9264,1153598500.0,61223643328.0,0.0,0.2872002963580883
2025-11-19 00:00:00,1355.1308,1363.855,1338.4514,1344.7956,900613000.0,45504665174.0,0.0,-0.9669743514817987
2025-11-20 00:00:00,1362.8515,1364.4822,1327.2937,1328.1856,774703900.0,43744812331.0,0.0,-1.2351319412407282
2025-11-21 00:00:00,1300.4793,1311.3238,1282.4543,1285.8303,1007064900.0,56030260829.0,0.0,-3.188959434585042
2025-11-24 00:00:00,1295.8799,1306.044,1273.4922,1296.6023,881365300.0,50827084231.0,0.0,0.8377466295513438
2025-11-25 00:00:00,1309.6744,1323.2054,1298.8536,1302.1669,827302300.0,52735462781.0,0.0,0.42916783349836163
2025-11-26 00:00:00,1296.4553,1327.536,1293.1847,1315.0411,781582700.0,57575974663.0,0.0,0.9886751076225309
2025-11-27 00:00:00,1325.849,1351.4364,1308.8466,1310.7005,803048900.0,61809593423.0,0.0,-0.33007333382964194
2025-11-28 00:00:00,1307.9622,1329.327,1303.1986,1327.1493,882469200.0,49577479799.0,0.0,1.254962518134396
2025-12-01 00:00:00,1329.4219,1341.9496,1310.4236,1336.7561,1119198600.0,65492746053.0,0.0,0.7238673147022736
2025-12-02 00:00:00,1334.0021,1335.7461,1315.4639,1320.1564,762146400.0,47078535234.0,0.0,-1.2417897326221279
2025-12-03 00:00:00,1317.5816,1324.7056,1303.3375,1308.3672,702705800.0,43255406999.0,0.0,-0.8930154033264668
2025-12-04 00:00:00,1303.9925,1326.2262,1294.7576,1326.1646,677877100.0,48747634506.0,0.0,1.3602756168146186
2025-12-05 00:00:00,1319.7225,1330.5857,1303.7161,1326.1014,709168600.0,49821496521.0,0.0,-0.004765622608238197
2025-12-08 00:00:00,1325.9696,1360.7108,1325.7382,1350.795,831105000.0,63951607380.0,0.0,1.8621200460236342
2025-12-09 00:00:00,1338.845,1358.8994,1337.3184,1347.1052,705705700.0,54818699080.0,0.0,-0.2731576590082214
2025-12-10 00:00:00,1337.5242,1350.6529,1317.7113,1346.7028,827364000.0,55356792115.0,0.0,-0.029871460669882593
2025-12-11 00:00:00,1349.6688,1350.8666,1325.8307,1325.8307,812499600.0,53240107240.0,0.0,-1.5498668303058436
2025-12-12 00:00:00,1324.3004,1351.5578,1314.0109,1348.8808,1218971100.0,83865891924.0,0.0,1.7385402223677526
2025-12-15 00:00:00,1333.3613,1343.7814,1318.5303,1318.9064,847012000.0,58345710995.0,0.0,-2.2221681856543465
2025-12-16 00:00:00,1313.5261,1317.1537,1286.252,1293.3824,733072600.0,47152141125.0,0.0,-1.935239680389762
2025-12-17 00:00:00,1294.6972,1327.7613,1289.2353,1325.3349,773892100.0,50178487844.0,0.0,2.4704603990281684
2025-12-18 00:00:00,1314.6652,1323.6761,1305.9664,1305.9664,627046500.0,38718647751.0,0.0,-1.4614042080986502
2025-12-19 00:00:00,1314.7502,1323.8595,1306.7958,1308.5889,643658500.0,38885173625.0,0.0,0.2008091479229439
2025-12-22 00:00:00,1314.0663,1338.1446,1314.0663,1335.2451,801867000.0,55138663623.0,0.0,2.0370186542160127
2025-12-23 00:00:00,1333.5388,1348.5381,1331.3854,1340.015,762758600.0,52823796961.0,0.0,0.35723029427331404
2025-12-24 00:00:00,1342.1283,1352.7428,1332.9155,1352.1261,733909000.0,51088300754.0,0.0,0.9038033156345153
2025-12-25 00:00:00,1347.784,1356.6039,1339.9659,1349.0577,726230500.0,44828071714.0,0.0,-0.22693149699572276
2025-12-26 00:00:00,1346.1092,1356.1084,1339.1406,1345.8267,852160100.0,45190362300.0,0.0,-0.23950050468560347
2025-12-29 00:00:00,1345.9802,1364.2723,1341.9423,1346.3188,1039029700.0,58488935108.0,0.0,0.03656488610308717
2025-12-30 00:00:00,1346.1321,1367.0072,1346.0288,1359.8734,794150500.0,59271326468.0,0.0,1.0067897737148093
2025-12-31 00:00:00,1367.1657,1368.4801,1342.6831,1344.2002,730691500.0,49284581754.0,0.0,-1.1525484651732987
2026-01-05 00:00:00,1360.8973,1403.5349,1360.8973,1403.4142,1034546600.0,81187605285.0,0.0,4.4051473880155605
2026-01-06 00:00:00,1401.7888,1442.1041,1400.4048,1429.3023,1182033200.0,80797910467.0,0.0,1.8446514222244668
2026-01-07 00:00:00,1442.5066,1452.0445,1427.9802,1443.388,1233854800.0,87127775010.0,0.0,0.9854948109997347
2026-01-08 00:00:00,1441.1859,1483.2305,1441.1859,1455.1729,1348228800.0,99247984749.0,0.0,0.816474849451437
2026-01-09 00:00:00,1442.2237,1477.2394,1437.577,1475.9676,1330640500.0,91006167416.0,0.0,1.4290191907779426
2026-01-12 00:00:00,1490.4986,1515.1073,1478.8467,1511.836,1567591900.0,106640241923.0,0.0,2.430161746097954
2026-01-13 00:00:00,1508.1834,1511.6531,1460.4093,1469.5699,1523474700.0,104449149934.0,0.0,-2.795680219283047
2026-01-14 00:00:00,1479.295,1532.5781,1479.295,1500.911,1777974500.0,123880673547.0,0.0,2.1326716068422535
2026-01-15 00:00:00,1491.2318,1504.8436,1468.0244,1493.945,1408817300.0,95846397716.0,0.0,-0.46411812559173204
2026-01-16 00:00:00,1509.7,1528.7825,1495.6792,1514.0681,1676577600.0,116789712149.0,0.0,1.3469772983610522
2026-01-19 00:00:00,1513.5899,1525.122,1502.7246,1506.8571,1287625700.0,93307391548.0,0.0,-0.4762665563061538
2026-01-20 00:00:00,1508.3674,1525.809,1473.1944,1482.9941,1403065800.0,97763534671.0,0.0,-1.583627272951102
2026-01-21 00:00:00,1482.658,1546.0492,1482.658,1535.3934,1444741400.0,117311199390.0,0.0,3.533345142775689
2026-01-22 00:00:00,1563.3796,1574.9662,1530.2451,1541.638,1521219400.0,114471734613.0,0.0,0.40671009788110274
2026-01-23 00:00:00,1530.2849,1553.7073,1523.5011,1553.7073,2124468700.0,110767211554.0,0.0,0.7828880709998141
2026-01-26 00:00:00,1556.5679,1575.4524,1529.3157,1532.796,2123161200.0,108916689901.0,0.0,-1.3458970038951341
2026-01-27 00:00:00,1530.0695,1562.5786,1507.4063,1555.9783,1978728100.0,102142695465.0,0.0,1.5124191347054625
2026-01-28 00:00:00,1566.1883,1569.4351,1535.9049,1554.8037,1554361000.0,104613183531.0,0.0,-0.07548948465412757
2026-01-29 00:00:00,1550.9887,1560.6446,1507.2991,1507.6398,1640834400.0,98586261532.0,0.0,-3.0334311656191724
2026-01-30 00:00:00,1501.5122,1522.3286,1465.3236,1509.4018,1486558300.0,92994626166.0,0.0,0.11687141716477444
2026-02-02 00:00:00,1492.8111,1508.5432,1450.0981,1450.8976,1315396700.0,86595572659.0,0.0,-3.875985837568239
2026-02-03 00:00:00,1475.5677,1478.0511,1430.0041,1471.0688,1389145900.0,98826244308.0,0.0,1.3902566245888062
2026-02-04 00:00:00,1452.9757,1455.1238,1432.5965,1453.4764,1563905000.0,76593068050.0,0.0,-1.195892401497469
2026-02-05 00:00:00,1423.6624,1441.1633,1416.2647,1432.5216,1519927800.0,67731466062.0,0.0,-1.4417021150119793
2026-02-06 00:00:00,1415.0469,1440.808,1405.8744,1422.406,1303509900.0,62257704857.0,0.0,-0.7061394397124683
2026-02-09 00:00:00,1453.5395,1458.9273,1441.8967,1458.1627,1574783900.0,72909863132.0,0.0,2.513818136312708
2026-02-10 00:00:00,1463.3483,1485.9658,1463.3483,1471.4978,1177039100.0,68410380072.0,0.0,0.9145138604903288
2026-02-11 00:00:00,1461.9988,1467.281,1453.0062,1455.1144,897850900.0,48644897749.0,0.0,-1.1133825684279084
2026-02-12 00:00:00,1463.6091,1481.9786,1454.6281,1480.9946,1001520900.0,69329188019.0,0.0,1.7785680631021217
2026-02-13 00:00:00,1470.2588,1492.0864,1466.7068,1470.3333,989661600.0,61592827654.0,0.0,-0.7198743331002005
2026-02-24 00:00:00,1493.4525,1493.7742,1453.5502,1465.365,1029596900.0,68936003468.0,0.0,-0.3379029775085689
2026-02-25 00:00:00,1468.5106,1481.2911,1454.4125,1473.2849,1107588300.0,70042250876.0,0.0,0.5404728514738716
2026-02-26 00:00:00,1478.7259,1494.7494,1456.0329,1485.8649,1115413400.0,83624470114.0,0.0,0.8538742235123652
2026-02-27 00:00:00,1468.0782,1493.5236,1463.731,1488.0232,999977200.0,78394898573.0,0.0,0.14525546703472528
2026-03-02 00:00:00,1459.7761,1486.5491,1459.5102,1464.7717,1342734800.0,79348051009.0,0.0,-1.562576443700614
2026-03-03 00:00:00,1467.7635,1469.6029,1385.5927,1388.4095,1430240300.0,88181853374.0,0.0,-5.213249272907172
2026-03-04 00:00:00,1380.1296,1407.0026,1376.1109,1381.5584,1070558500.0,65494655636.0,0.0,-0.49344951903599676
2026-03-05 00:00:00,1418.8825,1423.6123,1397.7554,1405.3534,1100698600.0,82290368778.0,0.0,1.7223303770582608
2026-03-06 00:00:00,1396.5937,1422.0013,1396.5937,1414.3943,969054900.0,60117751953.0,0.0,0.6433186129552869
2026-03-09 00:00:00,1373.8173,1398.2453,1351.8829,1390.4826,1184009400.0,74328800765.0,0.0,-1.6905964623867533
2026-03-10 00:00:00,1417.2591,1424.7192,1402.6308,1420.5388,1215340300.0,65103795254.0,0.0,2.161566063466022
2026-03-11 00:00:00,1421.3515,1427.095,1400.4468,1401.0842,1297367900.0,65494494433.0,0.0,-1.3695226064926933
2026-03-12 00:00:00,1397.7789,1412.525,1372.9747,1383.6523,1175919300.0,62958786927.0,0.0,-1.244172191792616
2026-03-13 00:00:00,1374.6497,1392.4335,1365.6216,1373.6355,1200226300.0,66780732961.0,0.0,-0.7239390994399298
2026-03-16 00:00:00,1370.703,1386.5538,1349.2718,1384.9865,1095376200.0,73815884502.0,0.0,0.8263473097484656
2026-03-17 00:00:00,1386.2598,1390.8438,1354.1532,1354.1532,918465500.0,58419454374.0,0.0,-2.2262527468679303
2026-03-18 00:00:00,1363.5398,1373.857,1348.2296,1372.5764,979986600.0,63648188177.0,0.0,1.3604959911478223
2026-03-19 00:00:00,1348.5527,1354.7206,1333.6804,1339.0339,1105292300.0,62007186929.0,0.0,-2.443761964725608
2026-03-20 00:00:00,1344.9296,1347.3671,1317.4045,1318.3074,1409109800.0,72635986718.0,0.0,-1.5478696991913339
2026-03-23 00:00:00,1292.892,1305.7933,1254.848,1261.4377,1424810100.0,73743206134.0,0.0,-4.313842128171317
2026-03-24 00:00:00,1281.579,1291.9183,1249.0112,1290.7912,1171663000.0,67331736609.0,0.0,2.3269876903155775
2026-03-25 00:00:00,1299.6309,1326.6494,1299.6263,1315.4122,1100570500.0,71581278743.0,0.0,1.9074347578446536
2026-03-26 00:00:00,1313.9654,1316.4554,1285.3839,1288.8073,863177000.0,55519453245.0,0.0,-2.022552322382295
2026-03-27 00:00:00,1265.5306,1308.9447,1265.5306,1300.756,860307000.0,52752422375.0,0.0,0.9271129981960953
2026-03-30 00:00:00,1278.9926,1294.5425,1269.319,1289.7801,935720400.0,53432653644.0,0.0,-0.8438092924422519
2026-03-31 00:00:00,1283.8988,1296.034,1256.3269,1256.3269,958319000.0,57608800550.0,0.0,-2.5937134554952372
2026-04-01 00:00:00,1290.6375,1302.871,1282.3125,1298.1981,982646100.0,67776529674.0,0.0,3.3328268303416926
2026-04-02 00:00:00,1294.6302,1294.6302,1254.6247,1262.1815,758811400.0,52627584676.0,0.0,-2.7743531591981343
2026-04-03 00:00:00,1270.9364,1272.8369,1254.7588,1256.2103,670642100.0,43238392108.0,0.0,-0.4730856853788424
2026-04-07 00:00:00,1261.7112,1286.5296,1261.7112,1274.0145,632234900.0,58642407634.0,0.0,1.4172945405717527
2026-04-08 00:00:00,1317.2757,1352.6894,1316.6338,1352.6894,1142256800.0,86413135124.0,0.0,6.175353577215956
2026-04-09 00:00:00,1335.2874,1362.9072,1333.012,1343.9462,784651000.0,67718591571.0,0.0,-0.6463568059304589
2026-04-10 00:00:00,1363.5766,1382.937,1362.3965,1364.4946,847165900.0,75598570047.0,0.0,1.5289600134291017
2026-04-13 00:00:00,1358.463,1396.0028,1358.463,1375.2873,901889400.0,79738287786.0,0.0,0.790966853221696
2026-04-14 00:00:00,1398.3996,1409.8483,1387.4176,1405.0723,930265900.0,91340078269.0,0.0,2.1657292988890453
2026-04-15 00:00:00,1415.3919,1433.3541,1399.7541,1406.3224,954766300.0,96267871084.0,0.0,0.0889705106278143
2026-04-16 00:00:00,1406.3185,1424.1726,1402.1958,1422.2276,1000577100.0,86332967075.0,0.0,1.1309782166592754
2026-04-17 00:00:00,1414.8732,1433.795,1413.5763,1423.3512,963505300.0,88251590014.0,0.0,0.07900282627057188
2026-04-20 00:00:00,1426.893,1451.3901,1426.0337,1450.5209,1127584600.0,88429001088.0,0.0,1.9088542588786184
2026-04-21 00:00:00,1445.2037,1445.5388,1415.5994,1426.6766,965157000.0,80219232238.0,0.0,-1.64384394599209
2026-04-22 00:00:00,1420.7763,1451.461,1420.2444,1451.1386,980596100.0,83400639003.0,0.0,1.7146142300224165
2026-04-23 00:00:00,1466.1239,1467.6994,1419.0094,1432.5924,1144654000.0,96366136986.0,0.0,-1.2780447022772323
2026-04-24 00:00:00,1443.0367,1472.9573,1417.2057,1453.6854,1141340600.0,112276766239.0,0.0,1.4723657615383186
2026-04-27 00:00:00,1478.3137,1515.2824,1466.664,1508.3848,1356053800.0,123536460986.0,0.0,3.762808651720652
2026-04-28 00:00:00,1497.3219,1525.3419,1479.673,1488.6607,1192550800.0,101929725105.0,0.0,-1.3076305197453684
2026-04-29 00:00:00,1474.1167,1495.0091,1451.7122,1493.5045,1145722100.0,96264961874.0,0.0,0.32537971883049654
2026-04-30 00:00:00,1511.3875,1580.515,1511.3875,1571.0652,1510961200.0,143368848802.0,0.0,5.193201627447389
2026-05-06 00:00:00,1634.3133,1715.0814,1631.6506,1656.946,1830104800.0,202263525062.0,0.0,5.466405849992725
2026-05-07 00:00:00,1663.1592,1682.2217,1646.9443,1678.8872,1393006300.0,147148539118.0,0.0,1.3241952362961729
2026-05-08 00:00:00,1653.3108,1655.5715,1625.608,1640.4603,1500507400.0,134384676003.0,0.0,-2.288831554615458
2026-05-11 00:00:00,1687.6429,1727.3046,1669.7326,1716.6914,1829405800.0,183091745808.0,0.0,4.646933546639317
2026-05-12 00:00:00,1708.2111,1747.1719,1687.9631,1723.7836,1692708900.0,163162220282.0,0.0,0.4131319117693517
2026-05-13 00:00:00,1684.3679,1771.4924,1677.5436,1770.1471,1777324700.0,158688703274.0,0.0,2.689635752422748
2026-05-14 00:00:00,1792.3419,1800.6062,1723.6985,1725.0932,2107102300.0,170925244425.0,0.0,-2.545206553737816
2026-05-15 00:00:00,1724.3552,1769.8036,1669.9872,1696.2612,2160121400.0,191146069966.0,0.0,-1.6713299895912932
2026-05-18 00:00:00,1690.3815,1748.104,1684.9005,1709.9627,1591395600.0,152427297016.0,0.0,0.8077470615964172
2026-05-19 00:00:00,1697.4022,1776.2555,1670.3584,1775.1345,1710436800.0,169324578817.0,0.0,3.8112995096325695
2026-05-20 00:00:00,1764.2133,1835.2214,1764.2133,1832.022,1845254200.0,190386612651.0,0.0,3.204686743455217
2026-05-21 00:00:00,1866.2869,1892.5952,1759.9386,1764.1744,2127403800.0,216374427915.0,0.0,-3.7034271422504657
2026-05-22 00:00:00,1790.7443,1797.6485,1747.1393,1790.771,1760391900.0,162025307223.0,0.0,1.507594713991987
2026-05-25 00:00:00,1791.6697,1899.9669,1774.1938,1896.0369,2149793700.0,221953931473.0,0.0,5.878244622009185
2026-05-26 00:00:00,1877.3883,1880.6484,1824.3223,1867.7088,1940888500.0,193152885293.0,0.0,-1.4940690236566572
2026-05-27 00:00:00,1875.4218,1901.9658,1809.7045,1815.4513,2160969900.0,192835609775.0,0.0,-2.797946874801905
2026-05-28 00:00:00,1805.1129,1854.5202,1796.0352,1844.2493,2154008000.0,177051079006.0,0.0,1.5862722398557318
2026-05-29 00:00:00,1850.2728,1855.256,1727.6214,1751.3234,2343137400.0,182139564470.0,0.0,-5.038684303689309
2026-06-01 00:00:00,1751.2315,1753.0202,1662.8205,1663.6935,1694183400.0,149900665084.0,0.0,-5.003638962398373
2026-06-02 00:00:00,1676.3085,1710.9798,1641.1672,1690.558,1557622000.0,133709243864.0,0.0,1.6147505535124052
2026-06-03 00:00:00,1697.6587,1776.2018,1697.3597,1726.1806,1682555400.0,166311010814.0,0.0,2.1071504201571267
2026-06-04 00:00:00,1700.3123,1759.9844,1697.221,1738.0589,1496770100.0,132618434558.0,0.0,0.6881261439272393
2026-06-05 00:00:00,1706.5313,1735.0783,1659.4787,1668.3291,1683570900.0,136854203888.0,0.0,-4.01193538377785
2026-06-08 00:00:00,1587.9691,1634.0328,1578.1793,1596.5656,1570749900.0,119405019929.0,0.0,-4.301519406452841
2026-06-09 00:00:00,1630.2322,1666.4805,1607.5775,1663.1089,1409895800.0,112366426739.0,0.0,4.167902653044764
2026-06-10 00:00:00,1662.8455,1722.3344,1632.3265,1652.2241,1591172500.0,139088834511.0,0.0,-0.654485103170336
2026-06-11 00:00:00,1644.6025,1676.5306,1631.9357,1662.436,1422069400.0,117155580143.0,0.0,0.6180699095237756
2026-06-12 00:00:00,1726.0051,1730.8928,1656.8454,1663.2213,2101856700.0,175820241129.0,0.0,0.04723790870746342
2026-06-15 00:00:00,1687.6699,1748.5116,1658.3235,1748.3264,1614093800.0,158477476718.0,0.0,5.1168837243726975
2026-06-16 00:00:00,1751.7052,1766.1375,1729.0368,1758.4244,1501821800.0,142643106071.0,0.0,0.577580936831943
2026-06-17 00:00:00,1729.2282,1841.3654,1725.9007,1840.8211,1801831300.0,176921688223.0,0.0,4.68582556065531
2026-06-18 00:00:00,1837.0702,1937.3012,1836.0381,1911.5132,1771099900.0,209534843406.0,0.0,3.840248245742088
2026-06-22 00:00:00,1922.4741,1963.3274,1879.59,1948.9281,1919133400.0,200856205549.0,0.0,1.9573445791533108
2026-06-23 00:00:00,1929.2657,1982.9062,1890.1626,1916.2123,1813729500.0,186831990845.0,0.0,-1.6786560776664965
2026-06-24 00:00:00,1896.3406,1997.9046,1886.7407,1989.4257,1853252800.0,194575244326.0,0.0,3.82073531205285
2026-06-25 00:00:00,2004.7749,2076.8821,2000.8011,2066.3309,1851003200.0,220503757844.0,0.0,3.865698527972164
2026-06-26 00:00:00,2034.4327,2076.4654,1976.9228,2032.2842,1969517000.0,201727512998.0,0.0,-1.6476886639985822
2026-06-29 00:00:00,2039.6674,2127.8008,2013.5122,2126.0105,2066148400.0,230072493023.0,0.0,4.611869737510128
2026-06-30 00:00:00,2132.8822,2214.6127,2113.9499,2207.8648,1961786100.0,219350486072.0,0.0,3.8501362058183615
2026-07-01 00:00:00,2205.6555,2255.2481,2120.363,2153.0431,2258095400.0,232328268900.0,0.0,-2.483018887750734
2026-07-02 00:00:00,2059.898,2105.2909,1978.3199,1987.291,2091336300.0,214952503503.0,0.0,-7.698503573848566
2026-07-03 00:00:00,1978.7546,2039.3056,1948.1723,1975.6001,1758380800.0,174846760565.0,0.0,-0.5882832458859738
2026-07-06 00:00:00,2015.1809,2022.9102,1913.8219,1996.1029,1651199700.0,173537383477.0,0.0,1.0378011217958523
2026-07-07 00:00:00,1965.7953,2039.598,1950.979,2001.5859,1397325000.0,159559515937.0,0.0,0.27468523792034705
2026-07-08 00:00:00,2022.451,2078.642,1961.6378,2016.2327,1572058800.0,169350311761.0,0.0,0.7317597511053603
2026-07-09 00:00:00,2047.2376,2188.982,2023.5444,2185.8251,1858060500.0,224511523905.0,0.0,8.411350535084566
2026-07-10 00:00:00,2190.1784,2233.5376,2064.9756,2064.9756,2307342900.0,235095867644.0,0.0,-5.528781785880297
2026-07-13 00:00:00,2038.3623,2110.179,1974.0548,1994.3192,1833793700.0,214851455567.0,0.0,-3.421657863657096
2026-07-14 00:00:00,1994.4401,2026.4707,1895.5553,2009.7296,1601395000.0,202059847034.0,0.0,0.7727148191723763
2026-07-15 00:00:00,2021.5782,2028.6519,1908.1784,1924.2735,1428193300.0,169644623956.0,0.0,-4.252119290077625
2026-07-16 00:00:00,1869.9362,1947.2472,1828.5734,1846.8766,1422678200.0,174820562239.0,0.0,-4.022136146446956
2026-07-17 00:00:00,1829.9808,1844.3787,1698.3234,1715.4044,1662902400.0,191473530246.0,0.0,-7.118623951378243
2026-07-20 00:00:00,1764.5933,1776.0733,1646.3869,1718.6895,1798479300.0,183748976943.0,0.0,0.1915058629906777
2026-07-21 00:00:00,1747.4897,1904.8579,1663.8498,1903.1613,1951274500.0,213055050259.0,0.0,10.733282538818095
2026-07-22 00:00:00,1874.7785,1934.6051,1836.107,1860.0848,1623861100.0,192916671108.0,0.0,-2.2634182399568497
2026-07-23 00:00:00,1876.6134,1876.9857,1770.5321,1789.6941,1192426900.0,139187112196.0,0.0,-3.784273706231036
2026-07-24 00:00:00,1766.2589,1831.2755,1748.7968,1787.1958,1017752600.0,120544745795.0,0.0,-0.13959368810569203
